{"cameraMode":{"drawMode":0,"name":"Shaded","section":"Shading Mode"},"sceneLighting":false,"audioPlay":false,"sceneViewState":{"showFog":true,"showMaterialUpdate":false,"showSkybox":true,"showFlares":true,"showImageEffects":true,"showParticleSystems":true},"in2DMode":false,"pivot":{"x":8.960604667663575,"y":-0.8722372055053711,"z":5.7334747314453129},"rotation":{"x":0.0999835804104805,"y":0.46962305903434756,"z":-0.05362818017601967,"w":0.8755464553833008},"size":26.688634872436525,"orthographic":false}