{"cameraMode":{"drawMode":0,"name":"Shaded","section":"Shading Mode"},"sceneLighting":false,"audioPlay":false,"sceneViewState":{"showFog":true,"showMaterialUpdate":false,"showSkybox":true,"showFlares":true,"showImageEffects":true,"showParticleSystems":true},"in2DMode":false,"pivot":{"x":-2.1259000301361086,"y":1.9789999723434449,"z":-0.9251800179481506},"rotation":{"x":-0.18256725370883943,"y":0.6897381544113159,"z":-0.18644258379936219,"w":-0.6754032969474793},"size":22.0,"orthographic":false}