{"cameraMode":{"drawMode":0,"name":"Shaded","section":"Shading Mode"},"sceneLighting":false,"audioPlay":false,"sceneViewState":{"showFog":true,"showMaterialUpdate":false,"showSkybox":true,"showFlares":true,"showImageEffects":true,"showParticleSystems":true},"in2DMode":false,"pivot":{"x":-2.369631290435791,"y":0.0,"z":0.7458510398864746},"rotation":{"x":0.08298411220312119,"y":-0.022114749997854234,"z":0.001842089812271297,"w":0.9963037967681885},"size":13.25744342803955,"orthographic":false}