{"cameraMode":{"drawMode":0,"name":"Shaded","section":"Shading Mode"},"sceneLighting":false,"audioPlay":false,"sceneViewState":{"showFog":true,"showMaterialUpdate":false,"showSkybox":true,"showFlares":true,"showImageEffects":true,"showParticleSystems":true},"in2DMode":false,"pivot":{"x":-0.06350211799144745,"y":3.7149901390075685,"z":-1.9798197746276856},"rotation":{"x":0.04161890223622322,"y":-0.9583406448364258,"z":0.19526328146457673,"w":0.20426304638385774},"size":9.210286140441895,"orthographic":false}