{"cameraMode":{"drawMode":0,"name":"Shaded","section":"Shading Mode"},"sceneLighting":false,"audioPlay":false,"sceneViewState":{"showFog":true,"showMaterialUpdate":false,"showSkybox":true,"showFlares":true,"showImageEffects":true,"showParticleSystems":true},"in2DMode":false,"pivot":{"x":-2.7767415046691896,"y":5.47646427154541,"z":2.2243452072143556},"rotation":{"x":-0.001395419705659151,"y":0.35452038049697878,"z":-0.0005556292599067092,"w":-0.9350470900535584},"size":17.820865631103517,"orthographic":false}