{"cameraMode":{"drawMode":0,"name":"Shaded","section":"Shading Mode"},"sceneLighting":false,"audioPlay":false,"sceneViewState":{"showFog":true,"showMaterialUpdate":false,"showSkybox":true,"showFlares":true,"showImageEffects":true,"showParticleSystems":true},"in2DMode":false,"pivot":{"x":-1.5519933700561524,"y":0.5,"z":2.8259987831115724},"rotation":{"x":0.08298411220312119,"y":-0.022114749997854234,"z":0.001842089812271297,"w":0.9963037967681885},"size":2.8578836917877199,"orthographic":false}