{"cameraMode":{"drawMode":0,"name":"Shaded","section":"Shading Mode"},"sceneLighting":false,"audioPlay":false,"sceneViewState":{"showFog":true,"showMaterialUpdate":false,"showSkybox":true,"showFlares":true,"showImageEffects":true,"showParticleSystems":true},"in2DMode":false,"pivot":{"x":-3.9710118770599367,"y":-1.6124500036239625,"z":-5.323453426361084},"rotation":{"x":0.08298411220312119,"y":-0.022114749997854234,"z":0.001842089812271297,"w":0.9963037967681885},"size":22.553346633911134,"orthographic":false}