{"cameraMode":{"drawMode":0,"name":"Shaded","section":"Shading Mode"},"sceneLighting":false,"audioPlay":false,"sceneViewState":{"showFog":true,"showMaterialUpdate":false,"showSkybox":true,"showFlares":true,"showImageEffects":true,"showParticleSystems":true},"in2DMode":false,"pivot":{"x":2.631192684173584,"y":-4.10566520690918,"z":3.4347734451293947},"rotation":{"x":-0.22290632128715516,"y":-0.23700755834579469,"z":0.055968284606933597,"w":-0.9439321160316467},"size":40.742794036865237,"orthographic":false}