{"cameraMode":{"drawMode":0,"name":"Shaded","section":"Shading Mode"},"sceneLighting":false,"audioPlay":false,"sceneViewState":{"showFog":true,"showMaterialUpdate":false,"showSkybox":true,"showFlares":true,"showImageEffects":true,"showParticleSystems":true},"in2DMode":false,"pivot":{"x":-0.029265422374010087,"y":1.8724559545516968,"z":-0.10064506530761719},"rotation":{"x":0.06146128475666046,"y":-0.0014971786877140403,"z":0.00009219123603543267,"w":0.9981083273887634},"size":10.482500076293946,"orthographic":false}